{
  "xor": {
    "acc": 0.77,
    "entropy": 1.4453554485361986,
    "collapse": 0.26970000000000005,
    "mi": 0.7522082611040073,
    "usage": [
      0.115,
      0.395,
      0.28,
      0.105,
      0.105
    ],
    "flops": 150400,
    "acc_per_flop": 5.11968085106383e-06
  },
  "gaussian": {
    "acc": 0.785,
    "entropy": 1.153289321370719,
    "collapse": 0.3562875,
    "mi": 0.4601421154032701,
    "usage": [
      0.07,
      0.4175,
      0.4075,
      0.105,
      0.0
    ],
    "flops": 150400,
    "acc_per_flop": 5.219414893617021e-06
  },
  "spiral": {
    "acc": 0.52,
    "entropy": 1.3319544001361945,
    "collapse": 0.28236249999999996,
    "mi": 0.6388072103343221,
    "usage": [
      0.105,
      0.3125,
      0.3475,
      0.23,
      0.005
    ],
    "flops": 150400,
    "acc_per_flop": 3.4574468085106386e-06
  },
  "mnist_like": {
    "acc": 0.124,
    "entropy": 1.5593819944842369,
    "collapse": 0.21992599999999998,
    "mi": 0.866234807617299,
    "usage": [
      0.225,
      0.153,
      0.206,
      0.116,
      0.3
    ],
    "flops": 69832000,
    "acc_per_flop": 1.7756902279757131e-09
  }
}