{
  "xor": {
    "ACC": 1.0,
    "Entropy": 1.3550608418260832,
    "Collapse": 0.302734375,
    "MI": 0.6619136537694724,
    "Usage": [
      0.15625,
      0.4375,
      0.28125,
      0.0625,
      0.0625
    ],
    "Expert Perf": [
      0.48180290452961005,
      0.4821641070569323,
      0.518281538601664,
      0.5430036175352608,
      0.5178219090009478
    ]
  },
  "gaussian": {
    "ACC": 0.6875,
    "Entropy": 1.1228210673671128,
    "Collapse": 0.369140625,
    "MI": 0.42967386121672446,
    "Usage": [
      0.09375,
      0.4375,
      0.40625,
      0.0625,
      0.0
    ],
    "Expert Perf": [
      0.48733321398670215,
      0.523954260386756,
      0.6949386584435788,
      0.6987566820176494,
      0.7809526556458068
    ]
  },
  "spiral": {
    "ACC": 0.5,
    "Entropy": 1.0958508734802237,
    "Collapse": 0.373046875,
    "MI": 0.4027036669243701,
    "Usage": [
      0.03125,
      0.125,
      0.4375,
      0.40625,
      0.0
    ],
    "Expert Perf": [
      0.4937922895546156,
      0.3692502262247474,
      0.5060809590125382,
      0.6387698284125373,
      0.07870671040731883
    ]
  },
  "mnist_like": {
    "ACC": 0.125,
    "Entropy": 1.5852981347271853,
    "Collapse": 0.208984375,
    "MI": 0.8921509479878759,
    "Usage": [
      0.21875,
      0.1875,
      0.25,
      0.125,
      0.21875
    ],
    "Expert Perf": [
      0.10185485293450533,
      0.1130420097877304,
      0.1261602326063398,
      0.07082703242542553,
      0.1164874603524019
    ]
  }
}