{
  "xor": {
    "acc": 0.516,
    "entropy": 1.2461289129025281,
    "collapse": 0.94,
    "MI": 0.21833731328067457,
    "usage": [
      0.115,
      0.0,
      0.373,
      0.385,
      0.127
    ],
    "FLOPs": 192000,
    "score": 0.4328859060402685,
    "expert_perf": [
      0.3942896776614792,
      0.7107826047021603,
      0.4409829694294271,
      0.4811441905043162,
      0.5992976066675911
    ]
  },
  "gaussian": {
    "acc": 0.554,
    "entropy": 1.4493969590104747,
    "collapse": 0.94,
    "MI": 0.17533464392778494,
    "usage": [
      0.217,
      0.071,
      0.08,
      0.311,
      0.321
    ],
    "FLOPs": 256000,
    "score": 0.4410828025477707,
    "expert_perf": [
      0.1823139660787147,
      0.44311134238561256,
      0.5376740493513581,
      0.5795488261395918,
      0.335699997497669
    ]
  },
  "spiral": {
    "acc": 0.86,
    "entropy": 1.5663000476734856,
    "collapse": 0.94,
    "MI": 0.2174998651277143,
    "usage": [
      0.258,
      0.12,
      0.171,
      0.276,
      0.175
    ],
    "FLOPs": 256000,
    "score": 0.6847133757961783,
    "expert_perf": [
      0.46610813663976963,
      0.470099962024707,
      0.33175185428261006,
      0.5424543474282278,
      0.45457710905272924
    ]
  },
  "mnist_like": {
    "acc": 0.11,
    "entropy": 1.483136692594858,
    "collapse": 0.94,
    "MI": 0.013192992144557386,
    "usage": [
      0.248,
      0.04,
      0.262,
      0.17,
      0.28
    ],
    "FLOPs": 177856000,
    "score": 0.0006150199042805385,
    "expert_perf": [
      0.09267966877406432,
      0.09037515867502584,
      0.09697745081165884,
      0.11267122938779921,
      0.10347510650721822
    ]
  }
}