{
  "xor": {
    "acc": 0.508,
    "entropy": 1.2598342807901246,
    "collapse": 0.373,
    "MI": 0.7827790504106877,
    "usage": [
      0.127,
      0.373,
      0.0,
      0.127,
      0.373
    ],
    "FLOPs": 248000,
    "score": 0.40705128205128205,
    "expert_perf": [
      0.1541853474432003,
      0.03162807105383091,
      0.2093797462724326,
      0.24409066894537534,
      0.25995463067055163
    ]
  },
  "gaussian": {
    "acc": 0.814,
    "entropy": 1.1449346122027462,
    "collapse": 0.432,
    "MI": 0.7113878723480278,
    "usage": [
      0.079,
      0.4,
      0.0,
      0.089,
      0.432
    ],
    "FLOPs": 248000,
    "score": 0.6522435897435896,
    "expert_perf": [
      0.12257674134421404,
      0.20265307914969505,
      0.37106770714849474,
      0.11464972333321097,
      0.31809202339165993
    ]
  },
  "spiral": {
    "acc": 0.328,
    "entropy": 1.3266987342363898,
    "collapse": 0.374,
    "MI": 0.8243242712170872,
    "usage": [
      0.156,
      0.287,
      0.0,
      0.183,
      0.374
    ],
    "FLOPs": 248000,
    "score": 0.26282051282051283,
    "expert_perf": [
      0.1017822893663517,
      0.0934345288697768,
      0.025068171154443406,
      0.2167795661849452,
      0.09215707379595273
    ]
  },
  "mnist_like": {
    "acc": 0.082,
    "entropy": 1.5034654517940447,
    "collapse": 0.391,
    "MI": 0.93415560810309,
    "usage": [
      0.125,
      0.127,
      0.391,
      0.191,
      0.166
    ],
    "FLOPs": 97216000,
    "score": 0.0008348945182047732,
    "expert_perf": [
      0.04922307439532009,
      0.048812271424696116,
      0.01874362261396767,
      0.029877823968746633,
      0.04915815751768549
    ]
  }
}