{
  "xor": {
    "ACC": 0.625,
    "Entropy": 1.6094127693249591,
    "Collapse": 0.20001008669459686,
    "MI": 2.104841515349065e-05,
    "Usage": [
      0.19957847716093838,
      0.2027222363273204,
      0.1986406705752331,
      0.19985146011297233,
      0.19920715582353576
    ]
  },
  "gaussian": {
    "ACC": 0.3333333333333333,
    "Entropy": 1.6088391708255185,
    "Collapse": 0.20023626004934633,
    "MI": 0.0002330475696037393,
    "Usage": [
      0.1869351695092685,
      0.2066266313670937,
      0.2040090025296316,
      0.20236251183701057,
      0.20006668475699563
    ]
  },
  "spiral": {
    "ACC": 0.3333333333333333,
    "Entropy": 1.6094056799235856,
    "Collapse": 0.20001286997345016,
    "MI": 4.732479776148324e-05,
    "Usage": [
      0.1972711851359493,
      0.20097672014657977,
      0.19913537582181717,
      0.20092211031561025,
      0.20169460858004343
    ]
  },
  "mnist_like": {
    "ACC": 0.15,
    "Entropy": 1.5882859495991624,
    "Collapse": 0.20859591087268078,
    "MI": 0.05822154044832417,
    "Usage": [
      0.24309672055596793,
      0.25650978669606456,
      0.1698056280695463,
      0.1758888650039747,
      0.1546989996744464
    ]
  }
}