{
  "Baseline (All Enabled)": {
    "ACC": 0.2916666666666667,
    "ERI": 0.09640350877167614,
    "RS": 0.007629711634680155,
    "Gini": 0.5039666666540693
  },
  "No Residual Routing": {
    "ACC": 0.25833333333333336,
    "ERI": 0.09689473684185028,
    "RS": 0.008444127103041148,
    "Gini": 0.528291666653459
  },
  "No Confidence Annealing": {
    "ACC": 0.2733333333333333,
    "ERI": 0.09842105263131995,
    "RS": 0.003976346450091606,
    "Gini": 0.5151333333204563
  },
  "No Soft Cosine Diversity": {
    "ACC": 0.265,
    "ERI": 0.09675438596465766,
    "RS": 0.007159151129040835,
    "Gini": 0.48409999998789904
  },
  "No Contextual Gating": {
    "ACC": 0.20833333333333334,
    "ERI": 0.09479824561378562,
    "RS": 0.03837506207392837,
    "Gini": 0.09359999999766007
  },
  "No Adam Router": {
    "ACC": 0.20666666666666667,
    "ERI": 0.09930701754359832,
    "RS": 0.001550568877548085,
    "Gini": 0.09169999999770763
  },
  "No Expert Heterogeneity": {
    "ACC": 0.24166666666666667,
    "ERI": 0.09397368421027902,
    "RS": 0.0073389976836357625,
    "Gini": 0.5063999999873409
  }
}